{
  "controller/EmployeeDetails-dbg.controller.js": 1619675007014,
  "control/Signature.js": 1619680686750,
  "model/json/Employees.json": 1620022214265,
  "model/json/Countries.json": 1620022201925,
  "manifest.json": 1620023753666,
  "model/models.js": 1617085498243,
  "model/formatter.js": 1618380317713,
  "controller/OrderDetails.controller.js": 1619853791657,
  "controller/MasterEmployee.controller.js": 1619675007014,
  "controller/Main.controller.js": 1620023073567,
  "controller/EmployeeDetails.controller.js": 1619675007014,
  "controller/Base.controller.js": 1619675007070,
  "controller/App.controller.js": 1619419084925,
  "model/json/Layout.json": 1620022220279,
  "Component.js": 1618555466516,
  "manifest-bundle.zip": 1620023753128,
  "Component-preload.js": 1620023753568,
  "i18n/i18n.properties": 1619763834128,
  "model/formatter-dbg.js": 1618380317713,
  "controller/OrderDetails-dbg.controller.js": 1619853791657,
  "controller/MasterEmployee-dbg.controller.js": 1619675007014,
  "controller/Main-dbg.controller.js": 1620023073567,
  "model/models-dbg.js": 1617085498243,
  "controller/Base-dbg.controller.js": 1619675007070,
  "controller/App-dbg.controller.js": 1619419084925,
  "control/Signature-dbg.js": 1619680686750,
  "Component-dbg.js": 1618555466516,
  "resources.json": 1620023753670,
  "view/OrderDetails.view.xml": 1619847423047,
  "view/MasterEmployee.view.xml": 1618042506150,
  "view/Main.view.xml": 1619419710523,
  "view/EmployeeDetails.view.xml": 1619418187549,
  "view/App.view.xml": 1619418857716,
  "fragment/TableOrders.fragment.xml": 1619421333229,
  "fragment/TableEmployee.fragment.xml": 1618466971112,
  "fragment/NewIncidence.fragment.xml": 1618903015199,
  "fragment/DialogOrders.fragment.xml": 1619418187541,
  "css/style.css": 1618292385261,
  "index.html": 1619507681234
}